insert or replace into BuildingModifiers
    (BuildingType,                              ModifierId)
values
    ('BUILDING_GROVE',                          'HD_GROVE_PLOT_BONUS_1_KOKKORO'),
    ('BUILDING_GROVE',                          'HD_GROVE_PLOT_BONUS_2_KOKKORO'),
    ('BUILDING_GROVE',                          'HD_GROVE_PLOT_BONUS_3_KOKKORO'),
    ('BUILDING_HD_MONASTERY',                   'HD_MONASTERY_PLOT_CHARMING_BONUS_1_KOKKORO'),
    ('BUILDING_HD_MONASTERY',                   'HD_MONASTERY_PLOT_CHARMING_BONUS_2_KOKKORO'),
    ('BUILDING_HD_MONASTERY',                   'HD_MONASTERY_PLOT_BREATHTAKING_BONUS_1_KOKKORO'),
    ('BUILDING_HD_MONASTERY',                   'HD_MONASTERY_PLOT_BREATHTAKING_BONUS_2_KOKKORO'),
    ('BUILDING_HD_HOLYWATERS',                  'HD_HOLYWATERS_PLOT_BONUS_1_KOKKORO'),
    ('BUILDING_HD_HOLYWATERS',                  'HD_HOLYWATERS_PLOT_BONUS_2_KOKKORO'),
    ('BUILDING_HD_HOLYWATERS',                  'HD_HOLYWATERS_PLOT_BONUS_3_KOKKORO');

insert or replace into Modifiers
	(ModifierId,													ModifierType,										SubjectRequirementSetId,                            OwnerRequirementSetId)
values
    ('HD_GROVE_PLOT_BONUS_1_KOKKORO',                                       'MODIFIER_PLAYER_ADJUST_PLOT_YIELD',                'HD_ADJACENT_PLOT_HAS_GROVE_FEATURE_KOKKORO',       'PLAYER_IS_KOKKORO_PRINCESS_REQUIREMENTS'),
    ('HD_GROVE_PLOT_BONUS_2_KOKKORO',                                       'MODIFIER_PLAYER_ADJUST_PLOT_YIELD',                'HD_ADJACENT_PLOT_HAS_GROVE_FEATURE_RESOURCE_KOKKORO',      'PLAYER_IS_KOKKORO_PRINCESS_REQUIREMENTS'),
    ('HD_GROVE_PLOT_BONUS_3_KOKKORO',                                       'MODIFIER_PLAYER_ADJUST_PLOT_YIELD',                'HD_ADJACENT_PLOT_HAS_GROVE_NATURAL_WONDER_KOKKORO',        'PLAYER_IS_KOKKORO_PRINCESS_REQUIREMENTS'),
    
    ('HD_MONASTERY_PLOT_CHARMING_BONUS_1_KOKKORO',                          'MODIFIER_PLAYER_ADJUST_PLOT_YIELD',                'HD_ADJACENT_PLOT_CHARMING_KOKKORO',                        'PLAYER_IS_KOKKORO_PRINCESS_REQUIREMENTS'),
    ('HD_MONASTERY_PLOT_CHARMING_BONUS_2_KOKKORO',                          'MODIFIER_PLAYER_ADJUST_PLOT_YIELD',                'HD_ADJACENT_PLOT_CHARMING_KOKKORO',                        'HD_PLOT_ADJACENT_TO_MOUNTAIN_NATURAL_WONDERS_KOKKORO'),
    ('HD_MONASTERY_PLOT_BREATHTAKING_BONUS_1_KOKKORO',                      'MODIFIER_PLAYER_ADJUST_PLOT_YIELD',                'HD_ADJACENT_PLOT_BREATHTAKING_KOKKORO',                    'PLAYER_IS_KOKKORO_PRINCESS_REQUIREMENTS'),
    ('HD_MONASTERY_PLOT_BREATHTAKING_BONUS_2_KOKKORO',                      'MODIFIER_PLAYER_ADJUST_PLOT_YIELD',                'HD_ADJACENT_PLOT_BREATHTAKING_KOKKORO',                    'HD_PLOT_ADJACENT_TO_MOUNTAIN_NATURAL_WONDERS_KOKKORO'),
    
    ('HD_HOLYWATERS_PLOT_BONUS_1_KOKKORO',                                  'MODIFIER_PLAYER_ADJUST_PLOT_YIELD',                'HD_ADJACENT_PLOT_WATER_KOKKORO',                           'PLAYER_IS_KOKKORO_PRINCESS_REQUIREMENTS'),
    ('HD_HOLYWATERS_PLOT_BONUS_2_KOKKORO',                                  'MODIFIER_PLAYER_ADJUST_PLOT_YIELD',                'HD_ADJACENT_PLOT_WATER_FEATURE_RESOURCE_KOKKORO',          'PLAYER_IS_KOKKORO_PRINCESS_REQUIREMENTS'),
    ('HD_HOLYWATERS_PLOT_BONUS_3_KOKKORO',                                  'MODIFIER_PLAYER_ADJUST_PLOT_YIELD',                'HD_ADJACENT_PLOT_SEA_NATURAL_WONDER_ONLAND_KOKKORO',       'PLAYER_IS_KOKKORO_PRINCESS_REQUIREMENTS');
	
insert or replace into ModifierArguments
	(ModifierId,										            Name,			Value)
values    
    ('HD_GROVE_PLOT_BONUS_1_KOKKORO',                                       'YieldType',    'YIELD_FOOD,YIELD_CULTURE'),
    ('HD_GROVE_PLOT_BONUS_1_KOKKORO',                                       'Amount',       '1,1'),
    ('HD_GROVE_PLOT_BONUS_2_KOKKORO',                                       'YieldType',    'YIELD_FOOD,YIELD_CULTURE'),
    ('HD_GROVE_PLOT_BONUS_2_KOKKORO',                                       'Amount',       '1,1'),
    ('HD_GROVE_PLOT_BONUS_3_KOKKORO',                                       'YieldType',    'YIELD_FOOD,YIELD_CULTURE'),
    ('HD_GROVE_PLOT_BONUS_3_KOKKORO',                                       'Amount',       '2,2'),
    
    ('HD_MONASTERY_PLOT_CHARMING_BONUS_1_KOKKORO',                          'YieldType',    'YIELD_FAITH'),
    ('HD_MONASTERY_PLOT_CHARMING_BONUS_1_KOKKORO',                          'Amount',       '1'),
    ('HD_MONASTERY_PLOT_CHARMING_BONUS_2_KOKKORO',                          'YieldType',    'YIELD_FAITH'),
    ('HD_MONASTERY_PLOT_CHARMING_BONUS_2_KOKKORO',                          'Amount',       '1'),
    ('HD_MONASTERY_PLOT_BREATHTAKING_BONUS_1_KOKKORO',                      'YieldType',    'YIELD_FOOD,YIELD_SCIENCE'),
    ('HD_MONASTERY_PLOT_BREATHTAKING_BONUS_1_KOKKORO',                      'Amount',       '1,1'),
    ('HD_MONASTERY_PLOT_BREATHTAKING_BONUS_2_KOKKORO',                      'YieldType',    'YIELD_FOOD,YIELD_SCIENCE'),
    ('HD_MONASTERY_PLOT_BREATHTAKING_BONUS_2_KOKKORO',                      'Amount',       '1,1'),
    
    ('HD_HOLYWATERS_PLOT_BONUS_1_KOKKORO',                                  'YieldType',    'YIELD_PRODUCTION,YIELD_FAITH'),
    ('HD_HOLYWATERS_PLOT_BONUS_1_KOKKORO',                                  'Amount',       '1,1'),
    ('HD_HOLYWATERS_PLOT_BONUS_2_KOKKORO',                                  'YieldType',    'YIELD_PRODUCTION,YIELD_SCIENCE'),
    ('HD_HOLYWATERS_PLOT_BONUS_2_KOKKORO',                                  'Amount',       '1,1'),
    ('HD_HOLYWATERS_PLOT_BONUS_3_KOKKORO',                                  'YieldType',    'YIELD_PRODUCTION,YIELD_SCIENCE,YIELD_FAITH'),
    ('HD_HOLYWATERS_PLOT_BONUS_3_KOKKORO',                                  'Amount',       '2,1,1');
	

insert or ignore into RequirementSets
	(RequirementSetId,												RequirementSetType)
values
    ('HD_ADJACENT_PLOT_HAS_GROVE_FEATURE_KOKKORO',					'REQUIREMENTSET_TEST_ALL'),
    ('HD_ADJACENT_PLOT_HAS_GROVE_NATURAL_WONDER_KOKKORO',					'REQUIREMENTSET_TEST_ALL'),
    ('HD_ADJACENT_PLOT_HAS_GROVE_FEATURE_RESOURCE_KOKKORO',					'REQUIREMENTSET_TEST_ALL'),

    ('HD_PLOT_ADJACENT_TO_MOUNTAIN_NATURAL_WONDERS_KOKKORO',				'REQUIREMENTSET_TEST_ALL'),
    ('HD_ADJACENT_PLOT_CHARMING_KOKKORO',					                'REQUIREMENTSET_TEST_ALL'),
    ('HD_ADJACENT_PLOT_BREATHTAKING_KOKKORO',					            'REQUIREMENTSET_TEST_ALL'),

    ('HD_ADJACENT_PLOT_WATER_KOKKORO',					                    'REQUIREMENTSET_TEST_ALL'),
    ('HD_ADJACENT_PLOT_WATER_FEATURE_RESOURCE_KOKKORO',					    'REQUIREMENTSET_TEST_ALL'),
    ('HD_ADJACENT_PLOT_SEA_NATURAL_WONDER_ONLAND_KOKKORO',					'REQUIREMENTSET_TEST_ALL');


insert or ignore into RequirementSetRequirements
	(RequirementSetId,												RequirementId)
values
    ('HD_ADJACENT_PLOT_HAS_GROVE_FEATURE_KOKKORO',          		'ADJACENT_TO_OWNER_2HEX'),
    ('HD_ADJACENT_PLOT_HAS_GROVE_FEATURE_KOKKORO',          		'HD_PLOT_HAS_GROVE_FEATURE_MET'),
    ('HD_ADJACENT_PLOT_HAS_GROVE_NATURAL_WONDER_KOKKORO',      				'ADJACENT_TO_OWNER_2HEX'),
    ('HD_ADJACENT_PLOT_HAS_GROVE_NATURAL_WONDER_KOKKORO',      				'HD_PLOT_HAS_GROVE_NATURAL_WONDER_MET'),
    ('HD_ADJACENT_PLOT_HAS_GROVE_FEATURE_RESOURCE_KOKKORO',    				'ADJACENT_TO_OWNER_2HEX'),
    ('HD_ADJACENT_PLOT_HAS_GROVE_FEATURE_RESOURCE_KOKKORO',    				'HD_PLOT_HAS_GROVE_FEATURE_MET'),
    ('HD_ADJACENT_PLOT_HAS_GROVE_FEATURE_RESOURCE_KOKKORO',    				'PLOT_HAS_RESOURCE_REQUIREMENTS'),

    ('HD_PLOT_ADJACENT_TO_MOUNTAIN_NATURAL_WONDERS_KOKKORO',				'REQUIRES_LEADER_IS_KOKKORO_PRINCESS'),
    ('HD_PLOT_ADJACENT_TO_MOUNTAIN_NATURAL_WONDERS_KOKKORO',				'REQUIRES_PLOT_ADJACENT_TO_MOUNTAIN_KOKKORO_MEETS'),
    --('HD_PLOT_ADJACENT_TO_MOUNTAIN_NATURAL_WONDERS_KOKKORO',				'REQUIRES_PLOT_ADJACENT_TO_MOUNTAIN'),
    ('HD_ADJACENT_PLOT_CHARMING_KOKKORO',					                'ADJACENT_TO_OWNER_2HEX'),
    ('HD_ADJACENT_PLOT_CHARMING_KOKKORO',					                'REQUIRES_PLOT_CHARMING_APPEAL'),
    ('HD_ADJACENT_PLOT_BREATHTAKING_KOKKORO',					            'ADJACENT_TO_OWNER_2HEX'),
    ('HD_ADJACENT_PLOT_BREATHTAKING_KOKKORO',					            'REQUIRES_PLOT_BREATHTAKING_APPEAL'),

    ('HD_ADJACENT_PLOT_WATER_KOKKORO',					                    'ADJACENT_TO_OWNER_2HEX'),
    ('HD_ADJACENT_PLOT_WATER_KOKKORO',					                    'REQUIRES_PLOT_HAS_COAST'),
    ('HD_ADJACENT_PLOT_WATER_FEATURE_RESOURCE_KOKKORO',					    'ADJACENT_TO_OWNER_2HEX'),
    ('HD_ADJACENT_PLOT_WATER_FEATURE_RESOURCE_KOKKORO',					    'REQUIRES_PLOT_HAS_COAST'),
    ('HD_ADJACENT_PLOT_WATER_FEATURE_RESOURCE_KOKKORO',					    'HD_PLOT_HAS_RESOURCE_OR_FEATURE_MET'),
    ('HD_ADJACENT_PLOT_SEA_NATURAL_WONDER_ONLAND_KOKKORO',				    'ADJACENT_TO_OWNER_2HEX'),
    ('HD_ADJACENT_PLOT_SEA_NATURAL_WONDER_ONLAND_KOKKORO',				    'REQUIRES_PLOT_HAS_NOT_COAST'),
    ('HD_ADJACENT_PLOT_SEA_NATURAL_WONDER_ONLAND_KOKKORO',				    'HD_PLOT_HAS_SEA_NATURAL_WONDER_MET');

INSERT INTO Requirements (RequirementId, RequirementType) VALUES 
('ADJACENT_TO_OWNER_2HEX', 'REQUIREMENT_PLOT_ADJACENT_TO_OWNER'),
('REQUIRES_PLOT_ADJACENT_TO_MOUNTAIN_KOKKORO_MEETS', 'REQUIREMENT_REQUIREMENTSET_IS_MET');

insert into RequirementArguments
	(RequirementId,									     Name,				    Value)
values
    ('ADJACENT_TO_OWNER_2HEX',                         		'MaxDistance',     	'2'),
    ('ADJACENT_TO_OWNER_2HEX',                         		'MinDistance',     	'2'),
    ('REQUIRES_PLOT_ADJACENT_TO_MOUNTAIN_KOKKORO_MEETS',                         		'RequirementSetId',     	'HD_PLOT_ADJACENT_TO_MOUNTAIN_NATURAL_WONDERS');
